{
    "root_group": {
        "name": "",
        "path": "",
        "id": "d41d8cd98f00b204e9800998ecf8427e",
        "groups": {},
        "checks": {
                "accepted (202)": {
                    "fails": 0,
                    "name": "accepted (202)",
                    "path": "::accepted (202)",
                    "id": "4113647e2e5253dcdec7f0dfc7f94c87",
                    "passes": 999609
                }
            }
    },
    "metrics": {
        "iterations": {
            "count": 999609,
            "rate": 249.60518034061658
        },
        "http_req_connecting": {
            "min": 0,
            "med": 0,
            "max": 61.061468,
            "p(90)": 0,
            "p(95)": 0,
            "avg": 0.009031553872564178
        },
        "data_sent": {
            "count": 234716973,
            "rate": 58609.48868474437
        },
        "dropped_iterations": {
            "rate": 0.09788350314325071,
            "count": 392
        },
        "http_req_waiting": {
            "avg": 20.819580713117237,
            "min": 4.603844,
            "med": 10.615895,
            "max": 4183.999166,
            "p(90)": 30.541040400000007,
            "p(95)": 51.59813179999999
        },
        "http_req_failed": {
            "passes": 0,
            "fails": 999609,
            "value": 0
        },
        "vus": {
            "max": 263,
            "value": 2,
            "min": 1
        },
        "vus_max": {
            "value": 272,
            "min": 100,
            "max": 272
        },
        "http_req_blocked": {
            "max": 111.61183,
            "p(90)": 0.015007,
            "p(95)": 0.029093,
            "avg": 0.029164415937631687,
            "min": 0.00241,
            "med": 0.011366
        },
        "http_req_tls_handshaking": {
            "p(95)": 0,
            "avg": 0,
            "min": 0,
            "med": 0,
            "max": 0,
            "p(90)": 0
        },
        "http_req_duration": {
            "med": 10.923775,
            "max": 4184.196561,
            "p(90)": 31.299389800000025,
            "p(95)": 52.58299979999997,
            "avg": 21.245587249158014,
            "min": 4.712403
        },
        "http_req_sending": {
            "max": 148.029657,
            "p(90)": 0.12773420000000005,
            "p(95)": 0.183774,
            "avg": 0.0927405327322983,
            "min": 0.009214,
            "med": 0.057569
        },
        "http_reqs": {
            "count": 999609,
            "rate": 249.60518034061658
        },
        "iteration_duration": {
            "avg": 21.799285473794907,
            "min": 5.089796,
            "med": 11.410787,
            "max": 4184.636716,
            "p(90)": 32.123949600000024,
            "p(95)": 53.57567699999996
        },
        "http_req_receiving": {
            "max": 192.474483,
            "p(90)": 0.5598002000000001,
            "p(95)": 0.9494055999999998,
            "avg": 0.3332660033093049,
            "min": 0.011002,
            "med": 0.155805
        },
        "http_req_duration{expected_response:true}": {
            "avg": 21.245587249158014,
            "min": 4.712403,
            "med": 10.923775,
            "max": 4184.196561,
            "p(90)": 31.299389800000025,
            "p(95)": 52.58299979999997
        },
        "data_received": {
            "count": 225988149,
            "rate": 56429.87676780335
        },
        "checks": {
            "passes": 999609,
            "fails": 0,
            "value": 1
        }
    }
}